comment,album,track_number,channels,sample_rate_hz,size_bytes,bit_depth,frames,genre,error,duration_seconds,title,year,artist,file
,The Best Of Kansas,1/10,1,44100,28545394,16,14272541,Rock,,323.640385,Carry On Wayward Son,1976,Kansas,D:\Tim\Personal\Projects\Tim Alarm Clock\01 Carry On Wayward Son.wav
mp3.com/music/Electronica/541.,Ghost In A Shell,1,1,44100,46780880,16,23390208,Data & Other,,530.390204,Ghost In A Shell,2002,Ghost In The Shell,D:\Tim\Personal\Projects\Tim Alarm Clock\01 Ghost In A Shell.wav
                            ,"Eagles Greatest Hits, Vol. 2",1,1,44100,34380686,16,17190144,Rock,,389.799184,Hotel California,1982,Eagles,D:\Tim\Personal\Projects\Tim Alarm Clock\01 Hotel California.wav
,Various,1,1,44100,17178942,16,8589312,country,,194.76898,I love A Rainy Night,,No.1 Country Hits Of The '70s & '80s,D:\Tim\Personal\Projects\Tim Alarm Clock\01 I love A Rainy Night.wav
,Walking Into Clarksdale,1/12,1,44100,21227912,16,10613789,Rock,,240.675488,Shining In The Light,1998,Page & Plant,D:\Tim\Personal\Projects\Tim Alarm Clock\01 Shining In The Light.wav
Created with Jukka Poikolainen's Easy CD-DA Extractor 4.3.0 (http://www.poikosoft.com),Nevermind,1,1,44100,26561108,16,13280256,Grunge,,301.139592,Smells Like Teen Spirit,1991,Nirvana,D:\Tim\Personal\Projects\Tim Alarm Clock\01 Smells Like Teen Spirit.wav
,Feels Like Home,1/13,1,44100,17697110,16,8848413,Pop,,200.644286,Sunrise,2004,Norah Jones,D:\Tim\Personal\Projects\Tim Alarm Clock\01 Sunrise.wav
Created with Jukka Poikolainen's Easy CD-DA Extractor 4.3.0 (http://www.poikosoft.com),...And Justice For All,2,1,44100,51732346,16,25865856,Speed Metal,,586.527347,...And Justice For All,1988,Metallica,D:\Tim\Personal\Projects\Tim Alarm Clock\02 ...And Justice For All.wav
                            ,Blizzard of Ozz,2,1,44100,25731446,16,12865536,Metal,,291.73551,Crazy Train,1980,Ozzy Osbourne,D:\Tim\Personal\Projects\Tim Alarm Clock\02 Crazy Train.wav
,Sleep Through The Static,2,1,44100,19708332,16,9853981,Adult Alternative Pop,,223.446281,Sleep Through The Static,2008,Jack Johnson,D:\Tim\Personal\Projects\Tim Alarm Clock\02 Sleep Through The Static 1.wav
,Pretty Hate Machine,3/10,1,44100,19970442,16,9985053,Electronica/Dance,,226.418435,Down In It,1989,Nine Inch Nails,D:\Tim\Personal\Projects\Tim Alarm Clock\03 Down In It.wav
Created with Jukka Poikolainen's Easy CD-DA Extractor 4.3.0 (http://www.poikosoft.com),Ride The Lightning,3,1,44100,27339892,16,13669632,Speed Metal,,309.96898,For Whom The Bell Tolls,1984,Metallica,D:\Tim\Personal\Projects\Tim Alarm Clock\03 For Whom The Bell Tolls.wav
", AG# B0B3C6E7",In Utero,3,1,44100,24828270,16,12413952,Grunge,,281.49551,Heart-Shaped Box,1993,Nirvana,D:\Tim\Personal\Projects\Tim Alarm Clock\03 Heart-Shaped Box.wav
                            ,Blizzard of Ozz,4,1,44100,4557702,16,2278656,Metal,,51.670204,Dee [Instrumental],1980,Ozzy Osbourne,D:\Tim\Personal\Projects\Tim Alarm Clock\04 Dee [Instrumental].wav
,The Best Of Kansas,4/10,1,44100,18178410,16,9089053,Rock,,206.100975,Dust In The Wind,1977,Kansas,D:\Tim\Personal\Projects\Tim Alarm Clock\04 Dust In The Wind.wav
Created with Jukka Poikolainen's Easy CD-DA Extractor 4.3.0 (http://www.poikosoft.com),...And Justice For All,4,1,44100,39468116,16,19733760,Speed Metal,,447.477551,One,1988,Metallica,D:\Tim\Personal\Projects\Tim Alarm Clock\04 One.wav
,Led Zeppelin IV,4,1,44100,42604908,16,21302301,Rock,,483.045374,Stairway to Heaven,1971,Led Zeppelin,D:\Tim\Personal\Projects\Tim Alarm Clock\04 Stairway to Heaven.wav
,Black Album,4/12,1,44100,34146654,16,17073181,Metal,,387.146961,The Unforgiven,1991,Metallica,D:\Tim\Personal\Projects\Tim Alarm Clock\04 The Unforgiven.wav
Created with Jukka Poikolain,"Bad, Bad Leroy Brown & Other Favorites",4,1,44100,12202500,16,6100992,Folk Singer-Songwriter,,138.34449,Which Way Are You Goin',1979,Jim Croce,D:\Tim\Personal\Projects\Tim Alarm Clock\04 Which Way Are You Goin'.wav
                            ,Throwing Copper,5,1,44100,28876398,16,14438016,Pop,,327.392653,Lightning Crashes,1994,Live,D:\Tim\Personal\Projects\Tim Alarm Clock\05 Lightning Crashes.wav
Created with Jukka Poikolainen's Easy CD-DA Extractor 4.3.0 (http://www.poikosoft.com),Nevermind,5,1,44100,22667316,16,11333376,Grunge,,256.992653,Lithium,1991,Nirvana,D:\Tim\Personal\Projects\Tim Alarm Clock\05 Lithium.wav
,"O Brother, Where Art Thou?",5,1,44100,16761190,16,8380416,Soundtrack,,190.032109,Man of Constant Sorrow,,Dan Tyminski; Soggy Bottom Boys,D:\Tim\Personal\Projects\Tim Alarm Clock\05 Man of Constant Sorrow.wav
,Photographs & Memories: His Greatest Hits,5,1,44100,12921238,16,6460445,Rock,,146.495351,Time in a Bottle,1974,Jim Croce,D:\Tim\Personal\Projects\Tim Alarm Clock\05 Time in a Bottle.wav
Created with Jukka Poikolainen's Easy CD-DA Extractor 4.3.0 (http://www.poikosoft.com),Skynyrd's Innyrds,6,1,44100,53603172,16,26801280,Southern Rock,,607.738776,Free Bird,1973,Lynyrd Skynyrd,D:\Tim\Personal\Projects\Tim Alarm Clock\06 Free Bird.wav
                            ,Led Zeppelin IV,7,1,44100,18660484,16,9330048,Rock,,211.565714,Going to California,1971,Led Zeppelin,D:\Tim\Personal\Projects\Tim Alarm Clock\07 Going to California.wav
Created with Jukka Poikolainen's Easy CD-DA Extractor 4.3.0 (http://www.poikosoft.com),Teaser And The Firecat,7,1,44100,17651562,16,8825472,Rock,,200.124082,Morning Has Broken,1971,Cat Stevens,D:\Tim\Personal\Projects\Tim Alarm Clock\07 Morning Has Broken.wav
Created with Jukka Poikolainen's Easy CD-DA Extractor 4.3.0 (http://www.poikosoft.com),Teaser And The Firecat,9,1,44100,15232346,16,7615872,Rock,,172.69551,Moonshadow,1971,Cat Stevens,D:\Tim\Personal\Projects\Tim Alarm Clock\09 Moonshadow.wav
,Black Album,9/12,1,44100,22632798,16,11316253,Metal,,256.604376,Of Wolf And Man,1991,Metallica,D:\Tim\Personal\Projects\Tim Alarm Clock\09 Of Wolf And Man.wav
                            ,(What's the Story) Morning Glory?,10,1,44100,26738320,16,13368960,Rock,,303.15102,Morning Glory,1995,Oasis,D:\Tim\Personal\Projects\Tim Alarm Clock\10 Morning Glory.wav
                            ,"Eine kleine Nachtmusik, ""Haffner"" Serenade",11,1,44100,28846474,16,14423040,Classical,,327.053061,Menuetto,,Mozart,D:\Tim\Personal\Projects\Tim Alarm Clock\11 Menuetto.wav
,King James Version,11/12,1,44100,24691054,16,12345373,Rock,,279.940431,Underground,2000,Harvey Danger,D:\Tim\Personal\Projects\Tim Alarm Clock\11 Underground.wav
Created with Jukka Poikolainen's Easy CD-DA Extractor 4.3.0 (http://www.poikosoft.com),25 Bach Favorites,13,1,44100,27365316,16,13682304,Baroque Era,,310.256327,Concerto for 2 Harpsichords in C minor (II. Adagio),1996,Johann Sebastian Bach,D:\Tim\Personal\Projects\Tim Alarm Clock\13 Concerto for 2 Harpsichords in C.wav
                            ,SUPER MARIO GALAXY ORIGINAL SOUNDTRACK,25,1,44100,17872586,16,8936064,Games,,202.631837,Super Mario Galaxy,2007,Mario Galaxy Orchestra,D:\Tim\Personal\Projects\Tim Alarm Clock\25 Super Mario Galaxy.wav
Created with Jukka Poikolainen's Easy CD-DA Extractor 4.3.0 (http://www.poikosoft.com),,8,1,44100,19084510,16,9542016,,,216.372245,500 Miles,,,D:\Tim\Personal\Projects\Tim Alarm Clock\500 miles.wav
Yea,,,1,44100,21514996,16,10757376,Other,,243.931429,Eye of the Tiger,,Survivor,D:\Tim\Personal\Projects\Tim Alarm Clock\80's -Survivor - Eye of the Tiger (from ROCKY).wav
Created with Jukka Poikolainen's Easy CD-DA Extractor 4.3.0 (http://www.poikosoft.com),,9,1,44100,27860498,16,13929984,,,315.872653,angel of the morning,,pretenders,D:\Tim\Personal\Projects\Tim Alarm Clock\angel of the morning - pretenders.wav
Created with Jukka Poikolainen's Easy CD-DA Extractor 4.3.0 (http://www.poikosoft.com),,4,1,44100,15849740,16,7924608,Other,,179.696327,Three Little Birds,,Bob Marley,D:\Tim\Personal\Projects\Tim Alarm Clock\Bob Marley - Three Little Birds.wav
Created with Jukka Poikolainen's Easy CD-DA Extractor 4.3.0 (http://www.poikosoft.com),,7,1,44100,13285370,16,6642432,Other,,150.622041,Peggy Sue,,Buddy Holly,D:\Tim\Personal\Projects\Tim Alarm Clock\Buddy Holly Peggy Sue.wav
                              ,,,1,44100,19296270,16,9648000,Other,,218.77551,Volcano,,Jimmy Buffet,D:\Tim\Personal\Projects\Tim Alarm Clock\Jimmy Buffet - Volcano.wav
                            ,Songs You Know By Heart-Jimmy,1,1,44100,15146922,16,7573248,Pop,,171.72898,Cheeseburger In Paradise,1999,Jimmy Buffett,D:\Tim\Personal\Projects\Tim Alarm Clock\Jimmy Buffett - Cheeseburger In Paradise.wav
Created with Jukka Poikolainen's Easy CD-DA Extractor 4.3.0 (http://www.poikosoft.com),Silver\disc1,2,1,44100,23522102,16,11760768,Other,,266.684082,magic carpet ride,,Steppenwolf,D:\Tim\Personal\Projects\Tim Alarm Clock\magic carpet ride.wav
                              ,,,1,44100,16552214,16,8275968,Other,,187.663673,Daydream believer,,Monkees,D:\Tim\Personal\Projects\Tim Alarm Clock\Monkees - Daydream Believer.wav
Created with Jukka Poikolainen's Easy CD-DA Extractor 4.3.0 (http://www.poikosoft.com),,7,1,44100,17651468,16,8825472,Other,,200.124082,Morning Has Broken,,Cat Stevens,D:\Tim\Personal\Projects\Tim Alarm Clock\Morning Has Broken.wav
                            ,99 Luftballons,1,1,44100,20683372,16,10341504,Other,,234.501224,99 Red Balloons,1984,Nena,D:\Tim\Personal\Projects\Tim Alarm Clock\Nena - 99 Red Balloons.wav
Created with Jukka Poikolainen's Easy CD-DA Extractor 4.3.0 (http://www.poikosoft.com),,7,1,44100,17181388,16,8590464,Other,,194.795102,Track 7,,,D:\Tim\Personal\Projects\Tim Alarm Clock\Old time rock and roll.wav
                              ,,,1,44100,25558462,16,12779136,Other,,289.776327,,,,D:\Tim\Personal\Projects\Tim Alarm Clock\Rocky Soundtrack - Gonna Fly Now (Theme Song).wav
Created with Jukka Poikolainen's Easy CD-DA Extractor 4.3.0 (http://www.poikosoft.com),,4,1,44100,42603724,16,21301632,Other,,483.030204,Track 4,,,D:\Tim\Personal\Projects\Tim Alarm Clock\Stairway to Heaven.wav
Created with Jukka Poikolainen's Easy CD-DA Extractor 4.3.0 (http://www.poikosoft.com),,9,1,44100,32203512,16,16101504,Other,,365.113469,Come Sail Away,,Styx,D:\Tim\Personal\Projects\Tim Alarm Clock\Styx - Come Sail Away.wav
Created with Jukka Poikolainen's Easy CD-DA Extractor 4.3.0 (http://www.poikosoft.com),,15,1,44100,29180656,16,14590080,Other,,330.840816,Mr Roboto,,Styx,D:\Tim\Personal\Projects\Tim Alarm Clock\Styx - Mr Roboto.wav
Advance,Tenacious D,3,1,44100,21881340,16,10940544,Alternative,,248.084898,Tribute,,,D:\Tim\Personal\Projects\Tim Alarm Clock\Tenacious D - Tribute.wav
                              %,                              19__                              %,,1,44100,17951324,16,8975232,Sound Clip,,203.52,Can'tHelpFallingInLoveWithYou UB40                                                        19__                              %,,UB40                                                        19__                              %,D:\Tim\Personal\Projects\Tim Alarm Clock\ub40 - can't help falling in love.wav
                            ,Genius: The Best of Warren Zevon,5,1,44100,17741228,16,8870400,Other,,201.142857,Werewolves of London,2002,Warren Zevon,D:\Tim\Personal\Projects\Tim Alarm Clock\warren zevon - Warewolf in London.wav
"https://www.classicals.de
https://www.gregorquendel.com
© 2024 Gregor Quendel. All rights reserved.",,,1,44100,16940520,16,8470060,,,192.064853,,,,D:\Tim\Personal\Projects\Tim Alarm Clock\wake\bach_gounod_ave_maria.wav
,,,1,44100,18470060,16,9235008,,,209.410612,,,,D:\Tim\Personal\Projects\Tim Alarm Clock\wake\birds.wav
,,,1,44100,8646956,16,4323456,,,98.037551,,,,D:\Tim\Personal\Projects\Tim Alarm Clock\wake\birds_ambiance.wav
,,,1,44100,9584684,16,4792320,,,108.669388,,,,D:\Tim\Personal\Projects\Tim Alarm Clock\wake\calming_rain.wav
,,,1,44100,6299640,16,3149798,,,71.423991,,,,D:\Tim\Personal\Projects\Tim Alarm Clock\wake\cicadas_at_night.wav
,,,1,44100,5438104,16,2719030,,,61.656009,,,,D:\Tim\Personal\Projects\Tim Alarm Clock\wake\forest_birds.wav
,,,1,44100,5301548,16,2650752,,,60.107755,,,,D:\Tim\Personal\Projects\Tim Alarm Clock\wake\frogs_croaking.wav
,,,1,44100,7940160,16,3970058,,,90.023991,,,,D:\Tim\Personal\Projects\Tim Alarm Clock\wake\gentle_rain.wav
,,,1,44100,3181596,16,1590776,,,36.072018,,,,D:\Tim\Personal\Projects\Tim Alarm Clock\wake\morning_birds.wav
,,,1,44100,12899824,16,6449890,,,146.256009,,,,D:\Tim\Personal\Projects\Tim Alarm Clock\wake\ocean_waves.wav
,,,1,44100,6170516,16,3085236,,,69.96,,,,D:\Tim\Personal\Projects\Tim Alarm Clock\wake\rain_and_wind_chimes.wav
,,,1,44100,68089032,16,34044494,,,771.983991,,,,D:\Tim\Personal\Projects\Tim Alarm Clock\wake\summer_evening.wav
,,,1,44100,4544812,16,2272384,,,51.527982,,,,D:\Tim\Personal\Projects\Tim Alarm Clock\wake\wind_chimes.wav
"https://www.classicals.de
https://www.gregorquendel.com
© 2024 Gregor Quendel. All rights reserved.",,,1,44100,4028088,16,2013696,Classical,,45.662041,"Aguado, Dionisio - Guitar Study : Etude No. 27 - Guitar Etudes",2024,Gregor Quendel,D:\Tim\Personal\Projects\Tim Alarm Clock\gentle_alarms\aguado_guitar_etude_no27.wav
"https://www.classicals.de
https://www.gregorquendel.com
© 2025 Gregor Quendel. All rights reserved.",,,1,44100,2787142,16,1393230,Classical,,31.592517,"Beethoven - Für Elise - Bagatelle No. 25 in A Minor, WoO 59",2025,Gregor Quendel,D:\Tim\Personal\Projects\Tim Alarm Clock\gentle_alarms\beethoven_fur_elise_short.wav
"https://www.classicals.de
https://www.gregorquendel.com
© 2025 Gregor Quendel. All rights reserved.",,,1,44100,1006250,16,502784,Classical,,11.400998,"Beethoven - Für Elise - Bagatelle No. 25 in A Minor, WoO 59",2025,Gregor Quendel,D:\Tim\Personal\Projects\Tim Alarm Clock\gentle_alarms\beethoven_fur_elise_very_short.wav
"https://www.classicals.de
https://www.gregorquendel.com
© 2024 Gregor Quendel. All rights reserved.",,,1,44100,2047096,16,1023166,Classical,,23.201043,"Bortolazzi, Bartolomeo - Notturno - Periodical Amusements for the Spanish Guitar, Book No. 13, 4",2024,Gregor Quendel,D:\Tim\Personal\Projects\Tim Alarm Clock\gentle_alarms\bortolazzi_notturno_short.wav
"https://www.classicals.de
https://www.gregorquendel.com
© 2025 Gregor Quendel. All rights reserved.",,,1,44100,4767740,16,2383516,Classical,,54.047982,Burgmüller - 1. La candeur - 25 Etudes faciles et progressives - Op. 100,2025,Gregor Quendel,D:\Tim\Personal\Projects\Tim Alarm Clock\gentle_alarms\burgmuller_la_candeur.wav
"https://www.classicals.de
https://www.gregorquendel.com
© 2024 Gregor Quendel. All rights reserved.",,,1,44100,1527632,16,763476,Classical,,17.312381,"Carcassi, Matteo - Caprice in D-minor - Op. 59, No. 16",2024,Gregor Quendel,D:\Tim\Personal\Projects\Tim Alarm Clock\gentle_alarms\carcassi_caprice_short.wav
"URL: https://www.classicals.de
Publisher: Musopen Kickstarter Recording Project",,,1,44100,3305128,16,1652258,String Quartets,,37.466168,"String Quartet No. 12 in F Major, Op. 96, ""American"" - I. Allegro ma non troppo",,Musopen String Quartet,D:\Tim\Personal\Projects\Tim Alarm Clock\gentle_alarms\dvorak_american_quartet_short.wav
"https://www.classicals.de
https://www.gregorquendel.com
© 2024 Gregor Quendel. All rights reserved.",,,1,44100,2154024,16,1076812,,,24.417506,,,,D:\Tim\Personal\Projects\Tim Alarm Clock\gentle_alarms\fucik_entry_of_gladiators_short.wav
"URL: https://www.classicals.de
Publisher: Musopen Kickstarter Recording Project",,,1,44100,4217136,16,2108294,Classical,,47.80712,"Peer Gynt Suite No. 1, Op. 46 - I. Morning",,Czech National Symphony Orchestra,D:\Tim\Personal\Projects\Tim Alarm Clock\gentle_alarms\grieg_peer_gynt_morning_short.wav
"https://www.classicals.de
https://www.gregorquendel.com
© 2024 Gregor Quendel. All rights reserved.",,,1,44100,1813372,16,906338,Classical,,20.551882,"Knoop, Maria Dolores - Six Waltzes, No. 1 - Arranged for Guitar",2024,Gregor Quendel,D:\Tim\Personal\Projects\Tim Alarm Clock\gentle_alarms\knoop_waltz_no1_short.wav
,,,1,44100,13902928,16,6951442,,,157.62907,,,,D:\Tim\Personal\Projects\Tim Alarm Clock\gentle_alarms\moonshadow.wav
,,,1,44100,562644,16,281300,,,6.378685,,,,D:\Tim\Personal\Projects\Tim Alarm Clock\gentle_alarms\myra_wake_up_little_one.wav
"https://www.classicals.de
https://www.gregorquendel.com
© 2024 Gregor Quendel. All rights reserved.",,,1,44100,9177584,16,4588414,Classical,,104.045669,Offenbach - Can Can / Infernal Galop (from Orpheus in the Underworld) - Arranged for Strings,2024,Gregor Quendel,D:\Tim\Personal\Projects\Tim Alarm Clock\gentle_alarms\offenbach_can_can_short.wav
"https://www.classicals.de
https://www.gregorquendel.com
© 2024 Gregor Quendel. All rights reserved.",,,1,44100,2571806,16,1285686,,,29.153878,,,,D:\Tim\Personal\Projects\Tim Alarm Clock\gentle_alarms\paganini_caprice_no24_short.wav
"URL: https://www.classicals.de
Publisher: Fulda Symphonic Orchestra",3. Benefiz Symphonie-Konzert,,1,44100,38770890,16,19385102,Classical,,439.571474,Symphony No. 5 in C minor - Op. 67,,"Fulda Symphonic Orchestra, Conductor: Simon Schindler; Performer: Rebekka Herrmann (violine), Kristina Rill (viola)",D:\Tim\Personal\Projects\Tim Alarm Clock\alarms_loud_original_length\beethoven_symphony_5.wav
"https://www.classicals.de
https://www.gregorquendel.com
© 2024 Gregor Quendel. All rights reserved.",,,1,44100,17168152,16,8583876,,,194.645714,,,,D:\Tim\Personal\Projects\Tim Alarm Clock\alarms_loud_original_length\mozart_rondo_alla_turca.wav
,,,1,44100,18824748,16,9412352,,,213.432018,,,,D:\Tim\Personal\Projects\Tim Alarm Clock\alarms_loud_original_length\never_gonna_give_you_up.wav
"https://www.classicals.de
https://www.gregorquendel.com
© 2024 Gregor Quendel. All rights reserved.",,,1,44100,17796646,16,8898048,Classical,,201.769796,,2025,Gregor Quendel,D:\Tim\Personal\Projects\Tim Alarm Clock\alarms_loud_original_length\rossini_william_tell.wav
"https://www.classicals.de
https://www.gregorquendel.com
© 2025 Gregor Quendel. All rights reserved.",,,1,44100,14877554,16,7438436,Classical,,168.672018,"Beethoven - Für Elise - Bagatelle No. 25 in A Minor, WoO 59",2025,Gregor Quendel,D:\Tim\Personal\Projects\Tim Alarm Clock\alarms_gradual_original_length\beethoven_fur_elise.wav
"https://www.classicals.de
https://www.gregorquendel.com
© 2024 Gregor Quendel. All rights reserved.",,,1,44100,15861500,16,7930368,Classical,,179.826939,"Bortolazzi, Bartolomeo - Notturno - Periodical Amusements for the Spanish Guitar, Book No. 13, 4",2024,Gregor Quendel,D:\Tim\Personal\Projects\Tim Alarm Clock\alarms_gradual_original_length\bortolazzi_notturno.wav
"https://www.classicals.de
https://www.gregorquendel.com
© 2024 Gregor Quendel. All rights reserved.",,,1,44100,6090152,16,3044736,Classical,,69.041633,"Carcassi, Matteo - Caprice in D-minor - Op. 59, No. 16",2024,Gregor Quendel,D:\Tim\Personal\Projects\Tim Alarm Clock\alarms_gradual_original_length\carcassi_caprice.wav
"URL: https://www.classicals.de
Publisher: Musopen Kickstarter Recording Project",,,1,44100,41952176,16,20975782,String Quartets,,475.641315,"String Quartet No. 12 in F Major, Op. 96, ""American"" - I. Allegro ma non troppo",,Musopen String Quartet,D:\Tim\Personal\Projects\Tim Alarm Clock\alarms_gradual_original_length\dvorak_american_quartet.wav
"https://www.classicals.de
https://www.gregorquendel.com
© 2024 Gregor Quendel. All rights reserved.",,,1,44100,14563984,16,7281792,,,165.12,,,,D:\Tim\Personal\Projects\Tim Alarm Clock\alarms_gradual_original_length\fucik_entry_of_gladiators.wav
"URL: https://www.classicals.de
Publisher: Musopen Kickstarter Recording Project",,,1,44100,20214492,16,10106972,Classical,,229.183039,"Peer Gynt Suite No. 1, Op. 46 - I. Morning",,Czech National Symphony Orchestra,D:\Tim\Personal\Projects\Tim Alarm Clock\alarms_gradual_original_length\grieg_peer_gynt_morning.wav
"https://www.classicals.de
https://www.gregorquendel.com
© 2024 Gregor Quendel. All rights reserved.",,,1,44100,9610680,16,4804992,Classical,,108.956735,"Knoop, Maria Dolores - Six Waltzes, No. 1 - Arranged for Guitar",2024,Gregor Quendel,D:\Tim\Personal\Projects\Tim Alarm Clock\alarms_gradual_original_length\knoop_waltz_no1.wav
"https://www.classicals.de
https://www.gregorquendel.com
© 2024 Gregor Quendel. All rights reserved.",,,1,44100,22319604,16,11159424,Classical,,253.048163,Offenbach - Can Can / Infernal Galop (from Orpheus in the Underworld) - Arranged for Strings,2024,Gregor Quendel,D:\Tim\Personal\Projects\Tim Alarm Clock\alarms_gradual_original_length\offenbach_can_can.wav
"https://www.classicals.de
https://www.gregorquendel.com
© 2024 Gregor Quendel. All rights reserved.",,,1,44100,21130418,16,10564992,,,239.56898,,,,D:\Tim\Personal\Projects\Tim Alarm Clock\alarms_gradual_original_length\paganini_caprice_no24.wav
"https://www.classicals.de
https://www.gregorquendel.com
© 2025 Gregor Quendel. All rights reserved.",,,1,44100,12789666,16,6394500,Classical,,145.0,"Rachmaninoff - Prelude in G-Sharp Minor, Allegro - Op. 32, No. 12",2025,Gregor Quendel,D:\Tim\Personal\Projects\Tim Alarm Clock\alarms_gradual_original_length\rachmaninoff_prelude_op32.wav
"https://www.classicals.de
https://www.gregorquendel.com
© 2024 Gregor Quendel. All rights reserved.",,,1,44100,4161720,16,2080512,Classical,,47.177143,"Aguado, Dionisio - 8 Lessons for the Guitar - No. 2 in A minor",2024,Gregor Quendel,D:\Tim\Personal\Projects\Tim Alarm Clock\alarms\aguado_guitar_lessons_no2.wav
"URL: https://www.classicals.de
Publisher: Fulda Symphonic Orchestra",3. Benefiz Symphonie-Konzert,,1,44100,4195662,16,2097488,Classical,,47.562086,Symphony No. 5 in C minor - Op. 67,,"Fulda Symphonic Orchestra, Conductor: Simon Schindler; Performer: Rebekka Herrmann (violine), Kristina Rill (viola)",D:\Tim\Personal\Projects\Tim Alarm Clock\alarms\beethoven_symphony_5_short.wav
"URL: https://www.classicals.de
Publisher: Fulda Symphonic Orchestra",3. Benefiz Symphonie-Konzert,,1,44100,2079262,16,1039288,Classical,,23.566621,Symphony No. 5 in C minor - Op. 67,,"Fulda Symphonic Orchestra, Conductor: Simon Schindler; Performer: Rebekka Herrmann (violine), Kristina Rill (viola)",D:\Tim\Personal\Projects\Tim Alarm Clock\alarms\beethoven_symphony_5_very_short.wav
,,,1,44100,5607980,16,2803968,,,63.582041,,,,D:\Tim\Personal\Projects\Tim Alarm Clock\alarms\bella_ciao.wav
"https://www.classicals.de
https://www.gregorquendel.com
© 2025 Gregor Quendel. All rights reserved.",,,1,44100,3558132,16,1778716,Classical,,40.333696,"Czerny - 30 Études de mécanisme, Op. 849 - No. 4, Allegro (C major)",2025,Gregor Quendel,D:\Tim\Personal\Projects\Tim Alarm Clock\alarms\czerny_etude_op849_no4.wav
"https://www.classicals.de
https://www.gregorquendel.com
© 2024 Gregor Quendel. All rights reserved.",,,1,44100,4890792,16,2445196,,,55.446621,,,,D:\Tim\Personal\Projects\Tim Alarm Clock\alarms\mozart_rondo_alla_turca_short.wav
"https://www.classicals.de
https://www.gregorquendel.com
© 2024 Gregor Quendel. All rights reserved.",,,1,44100,1907100,16,953350,,,21.617914,,,,D:\Tim\Personal\Projects\Tim Alarm Clock\alarms\mozart_rondo_alla_turca_very_short.wav
,,,1,44100,794080,16,397018,,,9.002676,,,,D:\Tim\Personal\Projects\Tim Alarm Clock\alarms\myra_wake_up.wav
,,,1,44100,1548736,16,774346,,,17.558866,,,,D:\Tim\Personal\Projects\Tim Alarm Clock\alarms\rick_rolled_short.wav
"https://www.classicals.de
https://www.gregorquendel.com
© 2024 Gregor Quendel. All rights reserved.",,,1,44100,4062218,16,2030834,Classical,,46.050658,,2025,Gregor Quendel,D:\Tim\Personal\Projects\Tim Alarm Clock\alarms\rossini_william_tell_short.wav
